[{"model": "blog.post", "pk": 1, "fields": {"title": "Blog 1 Updated!", "content": "My first update content!", "date_posted": "2022-02-24T05:26:34Z", "author": 1}}, {"model": "blog.post", "pk": 2, "fields": {"title": "Blog 2", "content": "Second Post Content", "date_posted": "2022-02-24T05:31:42.180Z", "author": 1}}, {"model": "blog.post", "pk": 5, "fields": {"title": "test2 updated2", "content": "updated test post using new update post functionality", "date_posted": "2022-03-02T05:04:11.388Z", "author": 1}}, {"model": "blog.post", "pk": 6, "fields": {"title": "test post 3", "content": "this content was made with a post creator", "date_posted": "2022-03-02T05:07:43.181Z", "author": 1}}, {"model": "blog.post", "pk": 7, "fields": {"title": "new post different user", "content": "testing a new user!", "date_posted": "2022-03-02T05:27:39.480Z", "author": 12}}, {"model": "blog.post", "pk": 8, "fields": {"title": "new post from Create Post functionality!", "content": "testing! and updated!", "date_posted": "2022-03-02T05:31:37.183Z", "author": 1}}, {"model": "blog.post", "pk": 9, "fields": {"title": "My Updated Post", "content": "My first updated post!\r\n\r\nThis is exciting!", "date_posted": "2022-03-02T18:37:54.822Z", "author": 1}}, {"model": "blog.post", "pk": 10, "fields": {"title": "My Updated Post", "content": "My first updated post!\r\n\r\nThis is exciting!", "date_posted": "2022-03-02T19:13:41.537Z", "author": 1}}, {"model": "blog.post", "pk": 11, "fields": {"title": "A Second Post", "content": "This is a post from a different user...", "date_posted": "2022-03-02T19:13:41.546Z", "author": 1}}, {"model": "blog.post", "pk": 12, "fields": {"title": "Top 5 Programming Lanaguages", "content": "Te melius apeirian postulant cum, labitur admodum cu eos! Tollit equidem constituto ut has. Et per ponderum sadipscing, eu vero dolores recusabo nec! Eum quas epicuri at, eam albucius phaedrum ad, no eum probo fierent singulis. Dicat corrumpit definiebas id usu, in facete scripserit eam.\r\n\r\nVim ei exerci nusquam. Agam detraxit an quo? Quo et partem bonorum sensibus, mutat minimum est ad. In paulo essent signiferumque his, quaestio sadipscing theophrastus ad has. Ancillae appareat qualisque ei has, usu ne assum zril disputationi, sed at gloriatur persequeris.", "date_posted": "2022-03-02T19:13:41.547Z", "author": 1}}, {"model": "blog.post", "pk": 13, "fields": {"title": "Sublime Text Tips and Tricks", "content": "Ea vix dico modus voluptatibus, mel iudico suavitate iracundia eu. Tincidunt voluptatibus pro eu? Nulla omittam eligendi his ne, suas putant ut pri. Ullum repudiare at duo, ut cum habeo minim laudem, dicit libris antiopam has ut! Ex movet feugait mea, eu vim impetus nostrud cotidieque.\r\n\r\nEi suas similique quo, his simul viris congue ex? Graeci possit in est, ne qui minim delectus invenire. Mei ad error homero maluisset, tacimates assentior per in, vix ut vocent accusata! Mei eu inermis pericula patrioque? Debet denique sea at, ad cibo reformidans theophrastus per, cu inermis maiestatis vim!\r\n\r\nUt odio feugiat voluptua est, euismod volutpat qualisque at sit, has ex dicit ornatus inimicus! Eu ferri laoreet vel, dicat corrumpit dissentias nec in. Illum dissentiunt eam ei, praesent voluptatum pri in? Ius in inani petentium, hinc elitr vivendum an vis, in vero dolores electram ius?", "date_posted": "2022-03-02T19:13:41.548Z", "author": 1}}, {"model": "blog.post", "pk": 14, "fields": {"title": "Best Python IDEs", "content": "Elit contentiones nam no, sea ut consul adipiscing. Etiam velit ei usu, sonet clita nonumy eu eum. Usu ea utroque facilisi, cu mel fugit tantas legimus, te vix quem nominavi. Prima deserunt evertitur ne qui, nam reprimique appellantur ne.", "date_posted": "2022-03-02T19:13:41.549Z", "author": 1}}, {"model": "blog.post", "pk": 15, "fields": {"title": "Flask vs Django - Which Is Better?", "content": "Ei dicta apeirian deterruisset eam, cu offendit invenire pri, cu possim vivendo vix? Nam nihil evertitur ad, ne vim nonumy legendos iracundia. Vix nulla dolorem intellegebat ea? Te per vide paulo dolor, eum ea erant placerat constituam? Dolores accumsan eum at.\r\n\r\nInteresset consequuntur id vix. Eam id decore latine, iusto imperdiet ei qui. In ludus consul reformidans eam. Nec in recusabo posidonium, cu tantas volumus mnesarchum pro. Nam ut docendi evertitur, possim menandri persecuti ne sed, cum saepe ornatus delenit ei?\r\n\r\nIn mel debet aliquam. In his etiam legere, doming nominavi consetetur has ad, decore reprimique ea usu. Eam magna graeci suavitate cu, facete delenit cum ne. Ponderum evertitur tincidunt ei mel, ius ei stet euismod docendi.", "date_posted": "2022-03-02T19:13:41.550Z", "author": 1}}, {"model": "blog.post", "pk": 16, "fields": {"title": "You Won't Believe These Clickbait Titles!", "content": "Cu justo honestatis mel, pro ei appareat mediocrem suavitate. No his omnis ridens. Ludus ornatus voluptatum mei ut, an mentitum noluisse forensibus cum. Eam affert pertinax consequuntur ei, nisl zril meliore te vis? Ad animal persius concludaturque vix, eu graece audiam mel.\r\n\r\nVitae libris mentitum pri in. Cu rebum veritus sea, ex usu consul dolorum, pro tale maluisset consulatu ut. Quo ad clita persius ancillae. Vel illud blandit at, vel eu hinc graeco, usu doctus praesent ea! Vim rebum deserunt ex.\r\n\r\nIus lorem omittam id, est suavitate definitionem ad! Id vim insolens tacimates, pri at decore causae. Ex duo bonorum repudiandae? Vix no vidit facete impedit. An oportere indoctum eam.", "date_posted": "2022-03-02T19:13:41.552Z", "author": 1}}, {"model": "blog.post", "pk": 17, "fields": {"title": "These Beers Will Improve Your Programming", "content": "Sanctus senserit vis id, ut eum iuvaret invidunt constituam? Nonumes facilis mei an, ad elit explicari persequeris pri, dico recusabo quo id? At mea lorem repudiandae. Sed causae sensibus forensibus ea, ne ornatus suscipiantur consectetuer mel, affert nostro nominati cu qui. Te sanctus constituto est, corrumpit pertinacia eos et, mei libris persequeris an.\r\n\r\nQuo fuisset sensibus in. Ad est assueverit adversarium, viris aperiri numquam est ad. Pro mediocrem iudicabit ei! Cu aperiam diceret sit.", "date_posted": "2022-03-02T19:13:41.553Z", "author": 1}}, {"model": "blog.post", "pk": 18, "fields": {"title": "List of PyCon 2018 Talks", "content": "Has ea verear adolescens, elit justo constituam duo in, vix an copiosae contentiones. Eos persius consequuntur no, esse percipit cum ea, per modus harum praesent at. Et clita delenit luptatum usu? No cum interpretaris concludaturque. Congue pertinax ea mea.\r\n\r\nBrute iracundia philosophia ei quo, nam at adhuc idque, ex dolor homero mei. No mea affert tacimates pertinacia, in maluisset dissentias consectetuer mei, vel no aliquam splendide. In has nobis vocent adipisci? Pri clita delicata in, iusto viris scripserit vim in? Sit in lorem complectitur. Sanctus eloquentiam eum ut, et sumo apeirian mea? Vim te affert populo voluptaria, utinam consul ad duo.", "date_posted": "2022-03-02T19:13:41.554Z", "author": 1}}, {"model": "blog.post", "pk": 19, "fields": {"title": "How Dogs in the Workplace Boosts Productivity", "content": "Has ea verear adolescens, elit justo constituam duo in, vix an copiosae contentiones. Eos persius consequuntur no, esse percipit cum ea, per modus harum praesent at. Et clita delenit luptatum usu? No cum interpretaris concludaturque. Congue pertinax ea mea.\r\n\r\nBrute iracundia philosophia ei quo, nam at adhuc idque, ex dolor homero mei. No mea affert tacimates pertinacia, in maluisset dissentias consectetuer mei, vel no aliquam splendide. In has nobis vocent adipisci? Pri clita delicata in, iusto viris scripserit vim in? Sit in lorem complectitur. Sanctus eloquentiam eum ut, et sumo apeirian mea? Vim te affert populo voluptaria, utinam consul ad duo.", "date_posted": "2022-03-02T19:13:41.555Z", "author": 1}}, {"model": "blog.post", "pk": 20, "fields": {"title": "The Best Programming Podcasts", "content": "Vidisse malorum platonem vel no. Persecuti adversarium ut sit, quo et stet velit mundi! Id per homero expetenda. Est brute adipisci et!\r\n\r\nLorem aliquip has in, quo debet ceteros sadipscing ne! An sea odio ornatus inermis, an per ipsum persecuti dissentiunt, no mea bonorum pertinacia delicatissimi? Ne sumo diceret mea, percipit repudiare eam no! Pro et lorem accommodare. At eius novum phaedrum mei?\r\n\r\nIgnota conclusionemque mei no, eam ut munere fierent pertinacia. Ea enim insolens gloriatur duo, quis vituperatoribus pro no! Ei sed bonorum reprehendunt, aliquam nominavi his et. Magna decore referrentur id nec. Cum rebum ludus inimicus no, id cum iusto labores maluisset!\r\n\r\nQui no omnis numquam apeirian, et vide interesset cum? Et nec nulla signiferumque. Enim instructior eos ei, solum tollit phaedrum his in? No vix malorum ornatus, cu quo hinc everti iracundia, essent eruditi efficiendi ut nam. Altera saperet usu eu, errem expetenda cu duo. Has dolor splendide et, no mel cibo ancillae voluptatum, mutat antiopam deterruisset ei qui. Dolores scripserit concludaturque est id, ea animal facilisi splendide qui, quo at animal voluptua instructior.\r\n\r\nMeis voluptatum eu eum.", "date_posted": "2022-03-02T19:13:41.556Z", "author": 1}}, {"model": "blog.post", "pk": 21, "fields": {"title": "Tips for Public Speaking", "content": "Ex eam doctus accommodare. Ut oratio vivendo intellegebat qui. Ius ne doming petentium. Pri congue delectus ad, accumsan molestiae disputando te mea. Nam case inani eligendi at, per te esse iudico. Feugiat patrioque mei ad, harum mundi adversarium an per!\r\n\r\nAncillae verterem eleifend his at? Nam vidit iusto petentium at, vis nusquam dissentias cu, etiam doctus adversarium eam no. At alterum definiebas efficiantur eos, pro labitur vituperatoribus ne, eu odio legere vim. Ad nec verear appellantur? Ad qui vulputate persequeris.", "date_posted": "2022-03-02T19:13:41.557Z", "author": 1}}, {"model": "blog.post", "pk": 22, "fields": {"title": "Best Programmers Throughout History", "content": "Mel nulla legimus senserit id. Vim purto tractatos in, te vix error regione, erant laudem legere an vel. Falli fierent ius ex! In legere iriure est, id vis prima maluisset, purto numquam inimicus ut eos! In duo antiopam salutatus, an vel quodsi virtute definitiones.\r\n\r\nEst te sumo voluptaria, ius no putant argumentum, alienum ocurreret vim cu? Volumus democritum no vel, virtute commune an est. Vel te propriae lobortis rationibus, no eum odio neglegentur? Duo an sumo ignota latine! Nec mazim aperiam percipitur eu, id his dicit omnium.", "date_posted": "2022-03-02T19:13:41.558Z", "author": 1}}, {"model": "blog.post", "pk": 23, "fields": {"title": "How To Create A YouTube Channel", "content": "Sit et novum omnes. Nec ea quas minim tractatos, usu in aperiam mentitum necessitatibus, ut omnis equidem moderatius quo. Eos ad putent aeterno praesent. Eos omnium similique id, his accommodare philosophia at. Causae lucilius similique in mea, ut regione tritani voluptatibus mel! At possim offendit eum, aeque denique prodesset pro te?\r\n\r\nAt pro quem laudem. Et agam democritum eos? Ea quod probatus usu, no ferri fabulas cotidieque mei? Numquam nusquam quo in, quo et molestiae complectitur. Nihil semper ei qui.\r\n\r\nModo omnes forensibus duo ex, te est diceret bonorum labores! Magna ponderum eos ea. Cu vim diceret mnesarchum, graeci periculis in vis. Est no iriure suavitate!", "date_posted": "2022-03-02T19:13:41.559Z", "author": 1}}, {"model": "blog.post", "pk": 24, "fields": {"title": "How I Record My Videos", "content": "Ad vel possim delicatissimi, delectus detraxit per cu. Ad pri vidit modus altera! In erat complectitur sit, quo no nostro insolens? Aliquam patrioque scribentur quo ad, partem commune eos at. Eius vivendo comprehensam has ne, sea ne eros mazim oratio. Soluta populo te duo, ne pro causae fabulas percipitur, feugiat.", "date_posted": "2022-03-02T19:13:41.560Z", "author": 1}}, {"model": "blog.post", "pk": 25, "fields": {"title": "Python and Physics", "content": "Agam mediocritatem sed ex, fabellas recusabo dissentias vix te. No principes consequat inciderint pri, ea mundi affert persecuti mea, ne usu veri regione nostrum! An tibique dissentiet referrentur pro, ridens temporibus eu est! Ius ne omnes affert rationibus, ut detraxit qualisque usu. Accusamus reformidans sea id?\r\n\r\nEu aliquip gloriatur mei. Qui ad sint scripserit? Te instructior definitiones mel, sale mutat everti at his. Ea mea quot recusabo philosophia. Et nam quod adipisci, quo atqui appetere recusabo id, detraxit inimicus vim.", "date_posted": "2022-03-02T19:13:41.561Z", "author": 1}}, {"model": "blog.post", "pk": 26, "fields": {"title": "Just A Few More Healines Should Do It", "content": "Duo at tibique commune vulputate, ex facilis tacimates disputationi mei. Mel eu inani prompta labores! Audire omnesque offendit ex eos. An ferri accusata his, vel agam habeo maiestatis ex, eam mutat iisque concludaturque ut. Ut tamquam minimum partiendo vim. An nam vidit doming graecis.\r\n\r\nSingulis abhorreant his in, et altera audiam feugiat mei. Pri eius dolor persequeris id! Nam ea dolorem expetendis, idque everti suscipit qui te, noster repudiare dignissim per ex? No vim iriure tibique comprehensam, per utamur consequat.", "date_posted": "2022-03-02T19:13:41.561Z", "author": 1}}, {"model": "blog.post", "pk": 27, "fields": {"title": "Music To Listen To While Coding", "content": "Feugait reprimique eu mel, te eum dico electram. Nam no nemore cotidieque. Vim cu suas atqui dicunt. Id labitur dissentiunt per, ignota maiorum pri no? Clita altera sanctus ex his!\r\n\r\nAt alia electram reprehendunt eam, sea te volumus quaestio. Commodo voluptua senserit ius ne, eu enim disputationi eam? Id pri omnium blandit, nullam denique nec no? Sapientem vituperata sit et, nisl facilisis periculis in est. Elaboraret accommodare id vel? Cibo eripuit ut has, sed cu liber invidunt.\r\n\r\nEi pro vide quas dolorum, sea no fugit sanctus neglegentur. Sit feugait disputationi ne. Id diceret periculis nec, sint nonumes in sea, cum.", "date_posted": "2022-03-02T19:13:41.562Z", "author": 1}}, {"model": "blog.post", "pk": 28, "fields": {"title": "5 Tips for Writing Catchy Headlines", "content": "Ea homero possit epicuri est, debitis docendi tacimates cu duo? Ad lorem cetero disputando pri, veniam eruditi tacimates per te.", "date_posted": "2022-03-02T19:13:41.563Z", "author": 1}}, {"model": "blog.post", "pk": 29, "fields": {"title": "The Rise of Data Science", "content": "Per omittam placerat at. Eius aeque ei mei. Usu ex partiendo salutandi. Pro illud placerat molestiae ex, habeo vidisse voluptatum cu vel, efficiendi accommodare eum ea! Ne has case minimum facilisis, pertinax efficiendi eu vel!\r\n\r\nEt movet semper assueverit his. Mei at liber vitae. Vix et periculis definiebas, vero falli.", "date_posted": "2022-03-02T19:13:41.564Z", "author": 1}}, {"model": "blog.post", "pk": 30, "fields": {"title": "Best Videos For Learning Python", "content": "Mei ei mazim dicunt feugait? Ludus mandamus ne est, per ne iusto facilisis moderatius! Has agam utamur ad! Ius reque aeterno cu, fabellas facilisi repudiare eu sit, te cibo convenire similique est. Ea cum viderer imperdiet liberavisse.\r\n\r\nPro minim iuvaret ad. No nam ornatus principes euripidis, at sale vituperatoribus eos, eros regione scripserit id mea. Has ne inermis nostrum, quo tantas melius dissentias at! Ut vim tibique omnesque. An mel modo ponderum, eum at probo appetere imperdiet? Natum quaeque intellegebat per ex. Cu viris clita sit?\r\n\r\nReque menandri dissentias sed ne, no tota nonumes eos, vix in tempor maiestatis erant.", "date_posted": "2022-03-02T19:13:41.565Z", "author": 1}}, {"model": "blog.post", "pk": 31, "fields": {"title": "Top 10 Python Tips and Tricks", "content": "Pro minim iuvaret ad. No nam ornatus principes euripidis, at sale vituperatoribus eos, eros regione scripserit id mea. Has ne inermis nostrum, quo tantas melius dissentias at! Ut vim tibique omnesque. An mel modo ponderum, eum at probo appetere imperdiet? Natum quaeque intellegebat per ex. Cu viris clita sit?\r\n\r\nReque menandri dissentias sed ne, no tota nonumes eos, vix in tempor maiestatis erant.", "date_posted": "2022-03-02T19:13:41.566Z", "author": 1}}, {"model": "blog.post", "pk": 32, "fields": {"title": "Top 5 YouTube Channels For Learning Programming", "content": "Quo inani quando ea, mel an vide adversarium suscipiantur. Et dicunt eleifend splendide pro. Nibh animal dolorem vim ex, nec te agam referrentur. Usu admodum ocurreret ne.\r\n\r\nEt dico audire cotidieque sed, cibo latine ut has, an case magna alienum.", "date_posted": "2022-03-02T19:13:41.567Z", "author": 1}}, {"model": "blog.post", "pk": 33, "fields": {"title": "My Latest Updated Post", "content": "Erat expetenda definitionem id eos. Semper suscipit eum ut, eum ex nemore copiosae. Nam probatus pertinacia eu! No alii voluptua abhorreant nec, te pro impedit concludaturque, in sea malis torquatos disputationi! Nam te alii nobis ponderum, ei fugit accusamus pro.\r\n\r\nCongue salutandi ex eam! Mei an prima consulatu, erat detracto eu quo? Vim ea esse utinam efficiantur, at noster dicunt.", "date_posted": "2022-03-02T19:13:41.568Z", "author": 1}}, {"model": "blog.post", "pk": 34, "fields": {"title": "Test Post AWS - Updated", "content": "Test post content from AWS - Updated 2 times", "date_posted": "2022-03-05T23:18:33.611Z", "author": 13}}, {"model": "blog.post", "pk": 35, "fields": {"title": "Site Review", "content": "It's good", "date_posted": "2022-03-05T23:45:37.760Z", "author": 14}}, {"model": "blog.post", "pk": 36, "fields": {"title": "I declare this blog my property uWu", "content": "I am trying to reach you about your car warranty. Its important that your _vehicle with four wheels which is specific to you_ has the payments made on time to continue coverage. If you do not contact Hogwarts Automotive by 13:45 you may no longer be eligible for ANY bad instances of car car jafar. \r\n\r\nHagrid was a noble boy, he was born to Ron and Ginny Weasley on the eve of September 13th, 25. You see, Hagrid was half giant, and in more than one way. The average size of an encounter was quite peculiar with a boy such as this.\r\n\r\nHagrid arose with a stupour, he was angry but also well satiated. Harry sat next to him, sparkling in the sun just as Edward did in Twilight. \"Hello Haggy\", whispered Harry.\r\n\r\nHagrid blushed. \"Iy uh, Iy didn't expect ye to still be here. Most people see me mug and leave before I wake up\"\r\n\r\nHarry smiled, \"I wouldn't do that to you, you owe me a good stern morning cup of tea.\" Harry whistled a bit, pursed his lips and then immediately emptied his coin purse on Hagrid's face.\r\n\r\n\"ALL OUT OF COINS\" -- Harry screamed at the parking attendant. \"I can't afford this! How am I suppose to pay for parking in a land where cars are magic and houses move\".\r\n\r\nHagrid moaned, as Harry's small car attempted to park in his monster 4 car garage.\r\n\r\nAs the garage door closed, Harry's scar began to burn. Voldemort quickly apparated into the garage and pleasured the lot until his unicorn blood rose large enough to reincarnate him into this mortal coil.", "date_posted": "2022-03-06T01:49:07.026Z", "author": 15}}, {"model": "blog.post", "pk": 37, "fields": {"title": "Hello, friends", "content": "any other hamtaro die hards here? id love to cyber with a fellow hamtard if anyone is up uWu.\r\n\r\nEdit: LOL! my cute hamptaro ascii are broke! here is one that works. Enjoy!\r\n\r\n██                                  ▒▒▒▒▒▒▒▒▒▒▒▒▒▒▒▒▒▒                                                \r\n██                                ▒▒▓▓▓▓▓▓▓▓▓▓▓▓▓▓    ▒▒▒▒▒▒                                          \r\n██                              ░░▓▓▓▓▓▓▓▓▓▓▓▓▓▓▓▓    ░░░░▒▒██▒▒                                      \r\n██                            ░░▓▓▓▓▓▓▓▓▓▓▓▓▓▓▓▓        ░░▓▓▓▓▓▓██                                    \r\n██                            ▒▒▓▓▓▓▓▓▓▓▓▓▓▓▓▓░░      ▒▒▓▓▒▒██▓▓░░██                                  \r\n██                          ▒▒▓▓▓▓▓▓▓▓▓▓▓▓▓▓▓▓        ▓▓▒▒  ░░▒▒▓▓  ▓▓                                \r\n██                          ▒▒▓▓▓▓▓▓▓▓▓▓▓▓▓▓▓▓        ▓▓▒▒  ▒▒▓▓▓▓▒▒  ██                              \r\n██                          ▒▒▓▓▓▓▓▓▓▓▓▓▓▓▓▓        ▓▓▓▓▓▓▒▒▓▓▒▒  ▓▓▓▓  ██                            \r\n██                          ▒▒▓▓▓▓▓▓▓▓▓▓▓▓▓▓        ▓▓▓▓▓▓▓▓▓▓▒▒▒▒▓▓▓▓  ██                            \r\n██                            ▒▒▓▓▓▓▓▓▓▓▓▓▓▓        ▓▓▓▓▓▓▓▓▓▓▓▓▓▓▓▓▓▓  ██                            \r\n██                              ▒▒▒▒▒▒▒▒▓▓▓▓        ▒▒░░▒▒▒▒▓▓▓▓▓▓▓▓▓▓██                              \r\n██                              ▒▒  ░░░░▒▒▒▒░░▒▒░░░░▒▒  ░░░░██████████                                \r\n██                                ▒▒▒▒▒▒              ▒▒▒▒░░                                          \r\n██", "date_posted": "2022-03-06T03:23:04.908Z", "author": 16}}, {"model": "blog.post", "pk": 38, "fields": {"title": "aisdmaisdmasd asdas d", "content": "BLOG POST asdasd", "date_posted": "2022-03-06T05:23:32.234Z", "author": 17}}, {"model": "blog.post", "pk": 39, "fields": {"title": "New Rules [PLEASE READ]", "content": "Hello everyone,\r\n\r\nIts been brought to my attention that some lewd and devious erotic HP fan fic is currently being brewed by a user. We want to remind everyone that this type of smut IS ALLOWED. \r\n\r\nThank you.", "date_posted": "2022-03-06T15:44:47.072Z", "author": 18}}, {"model": "blog.post", "pk": 40, "fields": {"title": "New New Rules [PLEASE READ]", "content": "Harry Potter erotica is not allowed on this domain under article 5 subsection 3 of the Geneva Convention.  Please cease your spamming immediately, or the authorities will be notified.\r\n\r\nPerhaps allowing open public registration and posting was a mistake..", "date_posted": "2022-03-06T17:11:56.637Z", "author": 1}}, {"model": "blog.post", "pk": 41, "fields": {"title": "Lorem Ipsum Dolores Umbridge", "content": "Erat expetenda definitionem id eos. Semper suscipit eum ut, eum ex nemore copiosae. Nam probatus pertinacia eu! No alii voluptua abhorreant nec, te pro impedit concludaturque, in sea malis torquatos disputationi! Nam te alii nobis ponderum, ei fugit accusamus pro.\r\n\r\nCongue salutandi ex eam! Mei an prima consulatu, erat detracto eu quo? Vim ea esse utinam efficiantur, at noster dicunt.", "date_posted": "2022-03-06T17:12:36.824Z", "author": 1}}, {"model": "blog.post", "pk": 42, "fields": {"title": "Migrating to Nginx w/ gunicorn from Apache2", "content": "Migrating the blog from Apache2 to Nginx for fun, pre-post content.  Fingers crossed!", "date_posted": "2022-03-06T17:14:59.438Z", "author": 1}}, {"model": "users.profile", "pk": 3, "fields": {"user": 1, "image": "profile_pics/admin_avatar_OMz9R7D.png"}}, {"model": "users.profile", "pk": 5, "fields": {"user": 5, "image": "default.jpg"}}, {"model": "users.profile", "pk": 6, "fields": {"user": 6, "image": "default.jpg"}}, {"model": "users.profile", "pk": 7, "fields": {"user": 7, "image": "profile_pics/admin_avatar_EELab1B.png"}}, {"model": "users.profile", "pk": 8, "fields": {"user": 11, "image": "default.jpg"}}, {"model": "users.profile", "pk": 9, "fields": {"user": 12, "image": "default.jpg"}}, {"model": "users.profile", "pk": 10, "fields": {"user": 13, "image": "profile_pics/Screen_Shot_2022-03-05_at_6.24.21_PM.png"}}, {"model": "users.profile", "pk": 11, "fields": {"user": 14, "image": "profile_pics/PXL_20211016_213423010.jpg"}}, {"model": "users.profile", "pk": 12, "fields": {"user": 15, "image": "default.jpg"}}, {"model": "users.profile", "pk": 13, "fields": {"user": 16, "image": "profile_pics/Screenshot_20210209-162815_Instagram.jpg"}}, {"model": "users.profile", "pk": 14, "fields": {"user": 17, "image": "profile_pics/giphy_1.gif"}}, {"model": "users.profile", "pk": 15, "fields": {"user": 18, "image": "profile_pics/AF0E23AA-BD7B-4C94-B27A-05B5D164D2D7.jpeg"}}, {"model": "admin.logentry", "pk": 1, "fields": {"action_time": "2022-02-23T04:06:52.052Z", "user": 1, "content_type": 4, "object_id": "2", "object_repr": "TestUser", "action_flag": 1, "change_message": "[{\"added\": {}}]"}}, {"model": "admin.logentry", "pk": 2, "fields": {"action_time": "2022-02-23T04:07:56.257Z", "user": 1, "content_type": 4, "object_id": "2", "object_repr": "TestUser", "action_flag": 2, "change_message": "[{\"changed\": {\"fields\": [\"Email address\"]}}]"}}, {"model": "admin.logentry", "pk": 3, "fields": {"action_time": "2022-02-24T05:46:05.809Z", "user": 1, "content_type": 7, "object_id": "1", "object_repr": "Blog 1 Updated!", "action_flag": 2, "change_message": "[{\"changed\": {\"fields\": [\"Title\", \"Content\"]}}]"}}, {"model": "admin.logentry", "pk": 4, "fields": {"action_time": "2022-02-24T05:46:18.047Z", "user": 1, "content_type": 7, "object_id": "3", "object_repr": "Blog 3", "action_flag": 2, "change_message": "[{\"changed\": {\"fields\": [\"Author\"]}}]"}}, {"model": "admin.logentry", "pk": 5, "fields": {"action_time": "2022-02-25T06:05:58.374Z", "user": 1, "content_type": 4, "object_id": "1", "object_repr": "Crowe", "action_flag": 2, "change_message": "[{\"changed\": {\"fields\": [\"Username\"]}}]"}}, {"model": "admin.logentry", "pk": 6, "fields": {"action_time": "2022-02-26T21:07:28.950Z", "user": 1, "content_type": 8, "object_id": "1", "object_repr": "Crowe Profile", "action_flag": 1, "change_message": "[{\"added\": {}}]"}}, {"model": "admin.logentry", "pk": 7, "fields": {"action_time": "2022-02-26T21:07:57.194Z", "user": 1, "content_type": 8, "object_id": "2", "object_repr": "TestUser Profile", "action_flag": 1, "change_message": "[{\"added\": {}}]"}}, {"model": "admin.logentry", "pk": 8, "fields": {"action_time": "2022-02-26T21:22:07.159Z", "user": 1, "content_type": 8, "object_id": "2", "object_repr": "TestUser Profile", "action_flag": 3, "change_message": ""}}, {"model": "admin.logentry", "pk": 9, "fields": {"action_time": "2022-02-26T21:22:07.160Z", "user": 1, "content_type": 8, "object_id": "1", "object_repr": "Crowe Profile", "action_flag": 3, "change_message": ""}}, {"model": "admin.logentry", "pk": 10, "fields": {"action_time": "2022-02-26T21:22:24.677Z", "user": 1, "content_type": 8, "object_id": "3", "object_repr": "Crowe Profile", "action_flag": 1, "change_message": "[{\"added\": {}}]"}}, {"model": "admin.logentry", "pk": 11, "fields": {"action_time": "2022-02-26T21:22:28.859Z", "user": 1, "content_type": 8, "object_id": "4", "object_repr": "TestUser Profile", "action_flag": 1, "change_message": "[{\"added\": {}}]"}}, {"model": "admin.logentry", "pk": 12, "fields": {"action_time": "2022-02-27T03:10:19.751Z", "user": 1, "content_type": 4, "object_id": "2", "object_repr": "TestUser", "action_flag": 2, "change_message": "[]"}}, {"model": "admin.logentry", "pk": 13, "fields": {"action_time": "2022-02-27T03:10:38.314Z", "user": 1, "content_type": 4, "object_id": "2", "object_repr": "TestUser", "action_flag": 3, "change_message": ""}}, {"model": "admin.logentry", "pk": 14, "fields": {"action_time": "2022-02-27T03:11:14.678Z", "user": 1, "content_type": 8, "object_id": "5", "object_repr": "TestUser Profile", "action_flag": 1, "change_message": "[{\"added\": {}}]"}}, {"model": "admin.logentry", "pk": 15, "fields": {"action_time": "2022-03-03T04:49:50.216Z", "user": 1, "content_type": 4, "object_id": "1", "object_repr": "Crowe", "action_flag": 2, "change_message": "[{\"changed\": {\"fields\": [\"Email address\"]}}]"}}, {"model": "admin.logentry", "pk": 16, "fields": {"action_time": "2022-03-03T04:55:40.246Z", "user": 1, "content_type": 4, "object_id": "1", "object_repr": "Crowe", "action_flag": 2, "change_message": "[{\"changed\": {\"fields\": [\"Email address\"]}}]"}}, {"model": "auth.permission", "pk": 1, "fields": {"name": "Can add log entry", "content_type": 1, "codename": "add_logentry"}}, {"model": "auth.permission", "pk": 2, "fields": {"name": "Can change log entry", "content_type": 1, "codename": "change_logentry"}}, {"model": "auth.permission", "pk": 3, "fields": {"name": "Can delete log entry", "content_type": 1, "codename": "delete_logentry"}}, {"model": "auth.permission", "pk": 4, "fields": {"name": "Can view log entry", "content_type": 1, "codename": "view_logentry"}}, {"model": "auth.permission", "pk": 5, "fields": {"name": "Can add permission", "content_type": 2, "codename": "add_permission"}}, {"model": "auth.permission", "pk": 6, "fields": {"name": "Can change permission", "content_type": 2, "codename": "change_permission"}}, {"model": "auth.permission", "pk": 7, "fields": {"name": "Can delete permission", "content_type": 2, "codename": "delete_permission"}}, {"model": "auth.permission", "pk": 8, "fields": {"name": "Can view permission", "content_type": 2, "codename": "view_permission"}}, {"model": "auth.permission", "pk": 9, "fields": {"name": "Can add group", "content_type": 3, "codename": "add_group"}}, {"model": "auth.permission", "pk": 10, "fields": {"name": "Can change group", "content_type": 3, "codename": "change_group"}}, {"model": "auth.permission", "pk": 11, "fields": {"name": "Can delete group", "content_type": 3, "codename": "delete_group"}}, {"model": "auth.permission", "pk": 12, "fields": {"name": "Can view group", "content_type": 3, "codename": "view_group"}}, {"model": "auth.permission", "pk": 13, "fields": {"name": "Can add user", "content_type": 4, "codename": "add_user"}}, {"model": "auth.permission", "pk": 14, "fields": {"name": "Can change user", "content_type": 4, "codename": "change_user"}}, {"model": "auth.permission", "pk": 15, "fields": {"name": "Can delete user", "content_type": 4, "codename": "delete_user"}}, {"model": "auth.permission", "pk": 16, "fields": {"name": "Can view user", "content_type": 4, "codename": "view_user"}}, {"model": "auth.permission", "pk": 17, "fields": {"name": "Can add content type", "content_type": 5, "codename": "add_contenttype"}}, {"model": "auth.permission", "pk": 18, "fields": {"name": "Can change content type", "content_type": 5, "codename": "change_contenttype"}}, {"model": "auth.permission", "pk": 19, "fields": {"name": "Can delete content type", "content_type": 5, "codename": "delete_contenttype"}}, {"model": "auth.permission", "pk": 20, "fields": {"name": "Can view content type", "content_type": 5, "codename": "view_contenttype"}}, {"model": "auth.permission", "pk": 21, "fields": {"name": "Can add session", "content_type": 6, "codename": "add_session"}}, {"model": "auth.permission", "pk": 22, "fields": {"name": "Can change session", "content_type": 6, "codename": "change_session"}}, {"model": "auth.permission", "pk": 23, "fields": {"name": "Can delete session", "content_type": 6, "codename": "delete_session"}}, {"model": "auth.permission", "pk": 24, "fields": {"name": "Can view session", "content_type": 6, "codename": "view_session"}}, {"model": "auth.permission", "pk": 25, "fields": {"name": "Can add post", "content_type": 7, "codename": "add_post"}}, {"model": "auth.permission", "pk": 26, "fields": {"name": "Can change post", "content_type": 7, "codename": "change_post"}}, {"model": "auth.permission", "pk": 27, "fields": {"name": "Can delete post", "content_type": 7, "codename": "delete_post"}}, {"model": "auth.permission", "pk": 28, "fields": {"name": "Can view post", "content_type": 7, "codename": "view_post"}}, {"model": "auth.permission", "pk": 29, "fields": {"name": "Can add profile", "content_type": 8, "codename": "add_profile"}}, {"model": "auth.permission", "pk": 30, "fields": {"name": "Can change profile", "content_type": 8, "codename": "change_profile"}}, {"model": "auth.permission", "pk": 31, "fields": {"name": "Can delete profile", "content_type": 8, "codename": "delete_profile"}}, {"model": "auth.permission", "pk": 32, "fields": {"name": "Can view profile", "content_type": 8, "codename": "view_profile"}}, {"model": "auth.user", "pk": 1, "fields": {"password": "pbkdf2_sha256$260000$OEEexvOKY5uQIqczedLwTm$wNpSN6e7sags495yh9rtrCBnseGlYH55G+gy/cYNAqo=", "last_login": "2022-03-06T17:11:16.443Z", "is_superuser": true, "username": "Crowe", "first_name": "", "last_name": "", "email": "steve@crowe.dev", "is_staff": true, "is_active": true, "date_joined": "2022-02-23T04:02:47Z", "groups": [], "user_permissions": []}}, {"model": "auth.user", "pk": 3, "fields": {"password": "pbkdf2_sha256$260000$k1mkuCTS0hIqdh6jjN1XmY$hd9LaiTqoMc9jVQWYOn1+2DVxYQ9lf+FMBegLW3Y8+c=", "last_login": null, "is_superuser": false, "username": "NewUser", "first_name": "", "last_name": "", "email": "", "is_staff": false, "is_active": true, "date_joined": "2022-02-24T21:00:21.752Z", "groups": [], "user_permissions": []}}, {"model": "auth.user", "pk": 4, "fields": {"password": "pbkdf2_sha256$260000$LVhMNnfBgglCXvT9GTj92L$H0CQsIDek0p6SGq6gEu+5J3RJbLZ6vHWqxhmTdeb5KE=", "last_login": null, "is_superuser": false, "username": "NewUser2", "first_name": "", "last_name": "", "email": "newuser@gmail.com", "is_staff": false, "is_active": true, "date_joined": "2022-02-24T21:24:07.535Z", "groups": [], "user_permissions": []}}, {"model": "auth.user", "pk": 5, "fields": {"password": "pbkdf2_sha256$260000$mk9cuKCwEDgGqE0p9HcqbW$YMDQSiIIMrFp6GGUNJl2j7k0LB0Vl1M3wbHUANBm4Zc=", "last_login": "2022-02-27T03:15:54.606Z", "is_superuser": false, "username": "TestUser", "first_name": "", "last_name": "", "email": "test@gmail.com", "is_staff": false, "is_active": true, "date_joined": "2022-02-27T03:10:52.826Z", "groups": [], "user_permissions": []}}, {"model": "auth.user", "pk": 6, "fields": {"password": "pbkdf2_sha256$260000$R0PyB9hgACNhrbqFGYWAzM$upXDtGFBxbK4um+3Y1G0hL5jxusO72wffik5Ytb9p50=", "last_login": null, "is_superuser": false, "username": "Newuser3", "first_name": "", "last_name": "", "email": "newuser3@gmail.com", "is_staff": false, "is_active": true, "date_joined": "2022-02-28T05:40:21.084Z", "groups": [], "user_permissions": []}}, {"model": "auth.user", "pk": 7, "fields": {"password": "pbkdf2_sha256$260000$y2NPofCKlcRTbIcb62oyI9$arJHXjSxRpIo5oXAPe038VT5mmyoW0m+kzrdBahtUA8=", "last_login": "2022-02-28T05:40:50.509Z", "is_superuser": false, "username": "NewUser20", "first_name": "", "last_name": "", "email": "heckyea@gmail.com", "is_staff": false, "is_active": true, "date_joined": "2022-02-28T05:40:45.917Z", "groups": [], "user_permissions": []}}, {"model": "auth.user", "pk": 8, "fields": {"password": "pbkdf2_sha256$260000$23DaD0tdB6xgyi1uRzWzER$fz0R0NQevoGUI764JXriKr9SvgESDQxsXnNk6NMHutI=", "last_login": "2022-03-02T21:12:57.759Z", "is_superuser": false, "username": "testuser4", "first_name": "", "last_name": "", "email": "fkae@fkae.com", "is_staff": false, "is_active": true, "date_joined": "2022-03-02T05:13:49.552Z", "groups": [], "user_permissions": []}}, {"model": "auth.user", "pk": 9, "fields": {"password": "pbkdf2_sha256$260000$JWuIJkxtpBNLq3njGMR3Ei$FXDIHuMz93h+o9SFtmiAkIu6+IK5XcvYkoXVqluQc4c=", "last_login": null, "is_superuser": false, "username": "testuser45", "first_name": "", "last_name": "", "email": "fkae@fkae.com", "is_staff": false, "is_active": true, "date_joined": "2022-03-02T05:14:00.321Z", "groups": [], "user_permissions": []}}, {"model": "auth.user", "pk": 10, "fields": {"password": "pbkdf2_sha256$260000$g687UI8b6Wb8VyflzNdwOu$VT554R51yLaCyNkeIeTi5MfUMBkz6Tl4L4rwmUz781M=", "last_login": null, "is_superuser": false, "username": "testusernew", "first_name": "", "last_name": "", "email": "testusernew@gmail.com", "is_staff": false, "is_active": true, "date_joined": "2022-03-02T05:25:14.143Z", "groups": [], "user_permissions": []}}, {"model": "auth.user", "pk": 11, "fields": {"password": "pbkdf2_sha256$260000$uqEzkgmPNoLc50AdtHg53s$Dfb/tvqwU/pt7E/kc5hOw3fdLMquQRoRKe8dZsSpg5g=", "last_login": null, "is_superuser": false, "username": "errorregister", "first_name": "", "last_name": "", "email": "testemail@gmail.com", "is_staff": false, "is_active": true, "date_joined": "2022-03-02T05:26:57.354Z", "groups": [], "user_permissions": []}}, {"model": "auth.user", "pk": 12, "fields": {"password": "pbkdf2_sha256$260000$mEIdm7RltRzyMXGdr3tUMS$sNujsK0ksWodAKTk/hcLXQKUbOPo80R/D+PAiD1Okp4=", "last_login": "2022-03-02T05:27:21.070Z", "is_superuser": false, "username": "testuser5", "first_name": "", "last_name": "", "email": "testuser5@gmail.com", "is_staff": false, "is_active": true, "date_joined": "2022-03-02T05:27:17.407Z", "groups": [], "user_permissions": []}}, {"model": "auth.user", "pk": 13, "fields": {"password": "pbkdf2_sha256$260000$vqxqYdPiNfitxFkCh9X40T$jwh53Sf1utiv3AY8Q+wL19iMoWzUqAXcLGG+aLUH/yU=", "last_login": "2022-03-05T23:24:34.943Z", "is_superuser": false, "username": "AWSUser1", "first_name": "", "last_name": "", "email": "fake@fake.com", "is_staff": false, "is_active": true, "date_joined": "2022-03-05T23:18:06.549Z", "groups": [], "user_permissions": []}}, {"model": "auth.user", "pk": 14, "fields": {"password": "pbkdf2_sha256$260000$N8NPKfLTGGEiOQ8x3Kw3lT$AcSH75j1vlGsFPaFS6XXAsjJJ9yI4x6bJSCpaHseDiM=", "last_login": "2022-03-05T23:49:27.303Z", "is_superuser": false, "username": "dumplo", "first_name": "", "last_name": "", "email": "damplo@gmail.com", "is_staff": false, "is_active": true, "date_joined": "2022-03-05T23:44:16.257Z", "groups": [], "user_permissions": []}}, {"model": "auth.user", "pk": 15, "fields": {"password": "pbkdf2_sha256$260000$1wD3AMH4dPYBXEJFZ2HIHY$ZG9xXXkdeN5rtuJQJGB80p9KywjZQGt3EPEHYzTYSGw=", "last_login": "2022-03-06T01:41:44.911Z", "is_superuser": false, "username": "cado", "first_name": "", "last_name": "", "email": "adorettic@gmail.com", "is_staff": false, "is_active": true, "date_joined": "2022-03-06T01:41:34.551Z", "groups": [], "user_permissions": []}}, {"model": "auth.user", "pk": 16, "fields": {"password": "pbkdf2_sha256$260000$S3NaEtoHV0qTFPRXZAnoE9$edBt8iEnVwBpZOk3yX+c6oGEoILJZkQvYTMX6Gz+qiU=", "last_login": "2022-03-06T03:34:25.912Z", "is_superuser": false, "username": "HamtaroFan1989", "first_name": "", "last_name": "", "email": "danecooker@gmail.com", "is_staff": false, "is_active": true, "date_joined": "2022-03-06T03:19:30.605Z", "groups": [], "user_permissions": []}}, {"model": "auth.user", "pk": 17, "fields": {"password": "pbkdf2_sha256$260000$4WaGdNRJ1Rix5C5DKYXZJu$O9XWEIoqwu7UgdAPOr+Ljbq+C+Q2y1ePQSbVL3lVuGA=", "last_login": "2022-03-06T05:22:43.565Z", "is_superuser": false, "username": "croweseph", "first_name": "", "last_name": "", "email": "crowe@gmail.com", "is_staff": false, "is_active": true, "date_joined": "2022-03-06T05:22:39.295Z", "groups": [], "user_permissions": []}}, {"model": "auth.user", "pk": 18, "fields": {"password": "pbkdf2_sha256$260000$37bCIOfdRj29HBCiXC85GX$ZyY4byw3gidtnCu731G1LFLS2Owg4pqDs+Sji9+Dk60=", "last_login": "2022-03-06T15:43:21.959Z", "is_superuser": false, "username": "DjangoDEV", "first_name": "", "last_name": "", "email": "quicksilvagaga@gmail.com", "is_staff": false, "is_active": true, "date_joined": "2022-03-06T15:43:17.480Z", "groups": [], "user_permissions": []}}, {"model": "contenttypes.contenttype", "pk": 1, "fields": {"app_label": "admin", "model": "logentry"}}, {"model": "contenttypes.contenttype", "pk": 2, "fields": {"app_label": "auth", "model": "permission"}}, {"model": "contenttypes.contenttype", "pk": 3, "fields": {"app_label": "auth", "model": "group"}}, {"model": "contenttypes.contenttype", "pk": 4, "fields": {"app_label": "auth", "model": "user"}}, {"model": "contenttypes.contenttype", "pk": 5, "fields": {"app_label": "contenttypes", "model": "contenttype"}}, {"model": "contenttypes.contenttype", "pk": 6, "fields": {"app_label": "sessions", "model": "session"}}, {"model": "contenttypes.contenttype", "pk": 7, "fields": {"app_label": "blog", "model": "post"}}, {"model": "contenttypes.contenttype", "pk": 8, "fields": {"app_label": "users", "model": "profile"}}, {"model": "sessions.session", "pk": "0ca1r9n0ok7z5a7zqgtlbqwvvvdpggzz", "fields": {"session_data": ".eJxVjMsOwiAQRf-FtSHA8HTp3m8gDAxSNTQp7cr479qkC93ec859sZi2tcVt0BKnws5MstPvhik_qO-g3FO_zTzPfV0m5LvCDzr4dS70vBzu30FLo31rr4VTAjCDrVpbhYqcRJcgKV9LFp5MyOhIggwYqkLhZAALKpDWxhB7fwDHqzcS:1nQe9U:Ukx6bKvcHD6In1_m-M4BlESlkw4aLGmM5iJBqRx2QnM", "expire_date": "2022-03-19T23:49:32.733Z"}}, {"model": "sessions.session", "pk": "12jlj4jamz9da1dao0pddc5r05sx83vm", "fields": {"session_data": "e30:1nPWHJ:I2H05hNxEI99xpgZ8rmkgjPgnVlLv4nMIBNigpPP7WU", "expire_date": "2022-03-16T21:12:57.757Z"}}, {"model": "sessions.session", "pk": "1cwv42vz0s4ipsbuz2ixgki08f0ngnz1", "fields": {"session_data": "e30:1nPHMi:Fc6j2iithMH22IFzHgPZSiJwTpc_TzL2V8RgX2LlOTg", "expire_date": "2022-03-16T05:17:32.906Z"}}, {"model": "sessions.session", "pk": "438c6wdnb7287a66i400vwsgo9htnc7r", "fields": {"session_data": ".eJxVjDkOwjAUBe_iGln-8hKHkp4zWP6LcQA5UpxUiLtDpBTQvpl5L5Xytta0dVnSxOqsQJ1-N8z0kLYDvud2mzXNbV0m1LuiD9r1dWZ5Xg7376DmXr81ZktEMRgLFIJAFu8Hy1QQxJUBfSkGY7EmSmRGIyDs0IVxDGwBnXp_AA_uOO0:1nMisC:QqGmREdKeoPwmXguuFd4uG3nG5Y-6l0jg01Brx-7TOw", "expire_date": "2022-03-09T04:03:28.270Z"}}, {"model": "sessions.session", "pk": "4jby8h6nsgfuofoz8h14jlpkd1sa5hte", "fields": {"session_data": "eyJfcGFzc3dvcmRfcmVzZXRfdG9rZW4iOiJiMXVuMDMtZjFhZDBhNjkwODk5NWZlZmVkMTgxMzg5N2M2YjQ5OTQifQ:1nQjNM:gqUdg3uowB-b9nGq7SP7Gv6Tn36LnE31QsRLiLzpsIU", "expire_date": "2022-03-20T05:24:12.945Z"}}, {"model": "sessions.session", "pk": "5ud35tj10fvg0zenytz56zkot82g394p", "fields": {"session_data": ".eJxVjEEOwiAQRe_C2hAKA0WX7nsGMjCDVA0kpV0Z765NutDtf-_9lwi4rSVsnZcwk7gIK06_W8T04LoDumO9NZlaXZc5yl2RB-1yasTP6-H-HRTs5VvndHZJMcCos-WIBpKChAo9aQJPbgTD5MFlE4121pNXHNWAjvJAWYv3B_hnOF4:1nOA0a:wK8QNrNEyu9PuGPEKGJyVnfaCpUQOhNDWkEB9xUPxKI", "expire_date": "2022-03-13T03:14:04.618Z"}}, {"model": "sessions.session", "pk": "6vbdso44c56q9nbnnw5t5ulgn968drbo", "fields": {"session_data": "eyJfcGFzc3dvcmRfcmVzZXRfdG9rZW4iOiJiMXVob3gtZGYwNTI1Y2IxYTQyMDRkZDk4MDIxYzNmNGYwYjhkMWQifQ:1nQhaU:RURbiPVvcVrWO5uTNOhQpFLm-29AUYUx1c4lQGxxKLc", "expire_date": "2022-03-20T03:29:38.119Z"}}, {"model": "sessions.session", "pk": "80ww5sik3y8ozlkiiepglpjtbhsrajn5", "fields": {"session_data": ".eJxVjDsOwjAQBe_iGllO_Kek5wzW7nqNA8iR4qRC3B0ipYD2zcx7iQTbWtPWeUlTFmcxaHH6HRHowW0n-Q7tNkua27pMKHdFHrTL65z5eTncv4MKvX5rCEABDSgDlL1RNnJU6NWIwerR8cCeiLKBUjS5qMAGBKujVw6L4yjeHxzOOJQ:1nQdkN:-iydK9n_DdQWnU9H304e2MIlZiQyXgpgWDYmsDDSVZA", "expire_date": "2022-03-19T23:23:35.496Z"}}, {"model": "sessions.session", "pk": "8x7ten0bsw1e4gof5m681vokfv9m8cdk", "fields": {"session_data": ".eJxVjDkOwjAUBe_iGln-8hKHkp4zWP6LcQA5UpxUiLtDpBTQvpl5L5Xytta0dVnSxOqsQJ1-N8z0kLYDvud2mzXNbV0m1LuiD9r1dWZ5Xg7376DmXr81ZktEMRgLFIJAFu8Hy1QQxJUBfSkGY7EmSmRGIyDs0IVxDGwBnXp_AA_uOO0:1nNTik:3xUMr5b-4oNMMlPQvN7K-YThTUrbOpEDE7Y0kLOeD2M", "expire_date": "2022-03-11T06:04:50.969Z"}}, {"model": "sessions.session", "pk": "9fgcyg6rwn353so1lxgic09xt94l3cq7", "fields": {"session_data": ".eJxVjMsOwiAQRf-FtSHA8HTp3m8gDAxSNTQp7cr479qkC93ec859sZi2tcVt0BKnws5MstPvhik_qO-g3FO_zTzPfV0m5LvCDzr4dS70vBzu30FLo31rr4VTAjCDrVpbhYqcRJcgKV9LFp5MyOhIggwYqkLhZAALKpDWxhB7fwDHqzcS:1nQfv0:1TcI-ZfKgiDSbRWiy9qmAsOhP4G55Jm4nguU5Ru8Yvs", "expire_date": "2022-03-20T01:42:42.269Z"}}, {"model": "sessions.session", "pk": "9sqarvi7xqsyv9jo0i73zy34dumh351c", "fields": {"session_data": ".eJxVjEEOwiAQRe_C2pCOlAFcuu8ZCAyDVA0kpV0Z765NutDtf-_9l_BhW4vfOi9-TuIiAMXpd4yBHlx3ku6h3pqkVtdljnJX5EG7nFri5_Vw_w5K6OVbO1KaRm0pBUCjMY8ATJwN2IGZzjkhQoroHBAbBayyxcCOss6DMijeHxb7OII:1nQhf7:FmLUvNQd17rvMtLnW-PnG4gqUtjhmLD_jU84mB_YXzw", "expire_date": "2022-03-20T03:34:25.923Z"}}, {"model": "sessions.session", "pk": "bp029zssidj5ohcxnl4mpwnx0ldt0qmd", "fields": {"session_data": ".eJxVjMsOwiAQRf-FtSHA8HTp3m8gDAxSNTQp7cr479qkC93ec859sZi2tcVt0BKnws5MstPvhik_qO-g3FO_zTzPfV0m5LvCDzr4dS70vBzu30FLo31rr4VTAjCDrVpbhYqcRJcgKV9LFp5MyOhIggwYqkLhZAALKpDWxhB7fwDHqzcS:1nQuPc:Lm1rLaJ_Lr4kTkKekgWCVpyLkczQeOS543pKj_wllbU", "expire_date": "2022-03-20T17:11:16.453Z"}}, {"model": "sessions.session", "pk": "jwanehskl492236lyv20loc7vuz3emo8", "fields": {"session_data": "eyJfcGFzc3dvcmRfcmVzZXRfdG9rZW4iOiJiMXVkZGktMjE1OGY5OTNkYWVlMzM5ZDA0YmQwMTYyY2NhYzE4M2IifQ:1nQg8I:mEk3I87-bwO-dhZ1pUFPa5boezcbAJghfKTe-tuWjJs", "expire_date": "2022-03-20T01:56:26.545Z"}}, {"model": "sessions.session", "pk": "jwt0c3wg5egly2as2dgwfgj80c8vzfqf", "fields": {"session_data": ".eJxVjDkOwjAUBe_iGln-8hKHkp4zWP6LcQA5UpxUiLtDpBTQvpl5L5Xytta0dVnSxOqsQJ1-N8z0kLYDvud2mzXNbV0m1LuiD9r1dWZ5Xg7376DmXr81ZktEMRgLFIJAFu8Hy1QQxJUBfSkGY7EmSmRGIyDs0IVxDGwBnXp_AA_uOO0:1nN6vV:Q2srts9WreAki6Ar9YLuQpLxnXDW672Hwz6fLXLN76k", "expire_date": "2022-03-10T05:44:29.153Z"}}, {"model": "sessions.session", "pk": "n4immanst4lp2c95z6176pwuxwgmjtft", "fields": {"session_data": "eyJfcGFzc3dvcmRfcmVzZXRfdG9rZW4iOiJiMXU3aDItNDVlNTc3YTg0ZTBkYTRjM2E1ZjA1ZWI4Y2VkY2Y3YjgifQ:1nQe97:0ZPkplmAZeJoC2AGwOuMdn0zjnDQX_Kv1NoZhCI3VjA", "expire_date": "2022-03-19T23:49:09.345Z"}}, {"model": "sessions.session", "pk": "qrsm2h5pfwn3nyl7lmw6zmbwl0ldcb1u", "fields": {"session_data": ".eJxVjEEOwiAQRe_C2pCBAgWX7j0DGYapVA0kpV0Z765NutDtf-_9l4i4rSVunZc4Z3EWyovT75iQHlx3ku9Yb01Sq-syJ7kr8qBdXlvm5-Vw_w4K9vKtw4jDYJ024LVxhik5PyXPllRCDqyBiQ06tNkFC-CsAshsppF0GpjE-wP-KTgx:1nQt2X:cIhMNPOz5pqPWllCBJ5XYeYST_WA5B0qzUvsb_RIHA8", "expire_date": "2022-03-20T15:43:21.970Z"}}, {"model": "sessions.session", "pk": "sxie1spn6b470ris0oob3li4uxoddbug", "fields": {"session_data": "eyJfcGFzc3dvcmRfcmVzZXRfdG9rZW4iOiJiMXVob3gtZGYwNTI1Y2IxYTQyMDRkZDk4MDIxYzNmNGYwYjhkMWQifQ:1nQhaU:RURbiPVvcVrWO5uTNOhQpFLm-29AUYUx1c4lQGxxKLc", "expire_date": "2022-03-20T03:29:38.184Z"}}, {"model": "sessions.session", "pk": "vk49ppk27r9skqtzvkkjdqhy5gwpkaag", "fields": {"session_data": ".eJxVjDsOwjAQBe_iGllerT-Ekp4zWGvvGgeQLeVTRdwdIqWA9s3M21SkdalxnWWKI6uLAqtOv2Oi_JS2E35Qu3ede1umMeld0Qed9a2zvK6H-3dQaa7fWlL24oOYQKUwAIJlRudLRkEDMKB1LASGgjfZD0NAwuxcSedg0Tn1_gAYgzfS:1nQe9P:RUQLK95OZYfxKykSA42l1p99LbKOSb-GGYAgz1nOw-U", "expire_date": "2022-03-19T23:49:27.313Z"}}, {"model": "sessions.session", "pk": "w7zm3ahkbltiuvksani3iqy898pxh9ac", "fields": {"session_data": ".eJxVjEEOwiAQRe_C2hCgMgwu3fcMZCiMVA0kpV0Z765NutDtf-_9lwi0rSVsPS9hTuIitBWn3zHS9Mh1J-lO9dbk1Oq6zFHuijxol2NL-Xk93L-DQr1866gYDDvWiGcCo8E6Z5hJ-QTIyF5ZnbwFOw0ZEBwS6Oj0kDxktI7E-wPw3TdH:1nQfu4:tyxiIUyxkhhvhA0NSFMrRNBA3WSc4vDj__iKH-qdqbY", "expire_date": "2022-03-20T01:41:44.922Z"}}, {"model": "sessions.session", "pk": "x6tmduqcdzbfbp8aeaneg2mq91k1se1r", "fields": {"session_data": ".eJxVjEEOwiAQRe_C2hAKA0WX7nsGMjCDVA0kpV0Z765NutDtf-_9lwi4rSVsnZcwk7gIK06_W8T04LoDumO9NZlaXZc5yl2RB-1yasTP6-H-HRTs5VvndHZJMcCos-WIBpKChAo9aQJPbgTD5MFlE4121pNXHNWAjvJAWYv3B_hnOF4:1nOA2M:Hldj94Me_Zk-QdVNps7mHhmJ9JnbYylk7qc2y8Aq7xA", "expire_date": "2022-03-13T03:15:54.608Z"}}]